﻿Designator,Footprint,Quantity,Value,LCSC Part #
C1,1206,1,C,
"IC1, IC10, IC11, IC12, IC13, IC14, IC2, IC3, IC4, IC5, IC6, IC7, IC8, IC9",opto_tcmt1100,14,TCMT1100,
J1,JST_XA_B04B-XASK-1_1x04_P2.50mm_Vertical,1,Conn_01x04,
"J2, J3",1823683,2,1823683,
J4,TerminalBlock_MetzConnect_Type059_RT06302HBWC_1x02_P3.50mm_Horizontal,1,Screw_Terminal_01x02,
PS1,TSR22450N,1,TSR_2-2450N,
"R1, R10, R11, R12, R13, R14, R15, R16, R17, R18, R19, R2, R20, R21, R22, R23, R24, R25, R26, R27, R28, R3, R4, R5, R6, R7, R8, R9",0805,28,R,
U1,SOIC-28W_7.5x17.9mm_P1.27mm,1,MCP23017_SO,
